service_id,name,category_id,sub_category,department_id,ministry_id,government_level,state_id,description,eligibility,benefits,application_mode,processing_time,fees,validity,official_portal,official_apply_link,download_forms,helpline_number,email,office_locator_info,languages_available,last_updated,collection_method,source_url,ai_summary,ai_explanation,common_questions,common_mistakes,search_keywords,suggested_followups
SVC-AADHAAR,Aadhaar Enrolment & Update,CAT-IDENTITY,Unique Identification,DEP-MEITY,MIN-MEITY,Central,,"12-digit unique identity number issued by UIDAI to residents of India, based on demographic and biometric data. Used as proof of identity and address and as a KYC token across government and private services.",Any resident of India (including infants) irrespective of citizenship status of parents for enrolment; updates available to existing holders.,"Single portable ID accepted nationwide; enables DBT, subsidy linkage, KYC, and access to many government schemes.",Offline (Enrolment Centre) and Online update (SSUP / mAadhaar),Enrolment: up to 90 days for UID generation (typically sooner). Update: up to 30 days.,Enrolment: free. Demographic update: free. Biometric update: Rs. 100 (inclusive of GST) as per UIDAI fee schedule.,Lifelong (subject to deactivation for residents who acquire foreign citizenship).,https://uidai.gov.in,https://myaadhaar.uidai.gov.in,https://uidai.gov.in/enrolment-update/aadhaar-enrolment.html,1947,help@uidai.gov.in,Aadhaar Seva Kendra locator at https://bhuvan.uidai.gov.in/locator,"Hindi, English and 21 scheduled languages on portal/app",2024-01-01,manual,https://uidai.gov.in,"Aadhaar is India's 12-digit resident identity number issued by UIDAI, used for KYC and government benefit delivery.","Aadhaar links a resident's identity to demographic and biometric data. It is the foundational ID for Direct Benefit Transfer, opening bank accounts, filing taxes, and availing schemes. Enrolment is free; updates may carry a fee. It is not proof of citizenship.","[""How do I enrol for Aadhaar?"", ""How do I update my address in Aadhaar?"", ""Is Aadhaar mandatory for subsidies?"", ""How do I download e-Aadhaar?""]","[""Assuming Aadhaar is proof of citizenship"", ""Using unofficial paid agents instead of authorised centres"", ""Not updating mobile number for OTP-based services""]","[""aadhaar enrolment near me"", ""update aadhaar address"", ""e aadhaar download"", ""aadhaar status check""]","[""How do I link Aadhaar to my bank account for DBT?"", ""What documents are valid as Aadhaar PoA/PoI?""]"
SVC-PASSPORT,Passport Issuance (Passport Seva),CAT-IDENTITY,Travel Document,DEP-PSP,MIN-MEA,Central,,"Issuance/renewal of Indian passports (ordinary, Tatkaal, diplomatic/official) by the Ministry of External Affairs through Passport Seva Kendras (PSK) and Post Office PSKs.","Indian citizen; must provide proof of date of birth, address, and nationality. Minors require parent consent.",Internationally recognised travel document; enables visa-free/visa-on-arrival access; Tatkaal for urgent issue.,Online application + in-person appointment at PSK,Tatkaal: ~1-3 days post verification. Normal: ~30 days (post police verification).,Normal 36-page: Rs. 1500. Tatkaal 36-page: Rs. 3500. (10-year validity for adults; minors 5 years / till age 18).,10 years for adults; 5 years or till age 18 for minors.,https://passportindia.gov.in,https://portal2.passportindia.gov.in/AppOnlineProject/welcomeLink,https://passportindia.gov.in/AppOnlineProject/online/freshFormSubmission,1800-258-1800,passport.helpdesk@mea.gov.in,PSK/PopSK locator at https://passportindia.gov.in -> 'Locate PSK',"English, Hindi",2024-01-01,official_portal,https://passportindia.gov.in,"Passport Seva issues Indian passports online with in-person verification at PSKs; Normal ~30 days, Tatkaal expedited.","Citizens apply online, pay a fee, and attend a PSK appointment for document checks and biometrics. Police verification follows for fresh passports. Tatkaal offers faster issue at higher cost. Passports are valid 10 years for adults.","[""How do I apply for a passport?"", ""What are the passport fees?"", ""How long does a passport take?"", ""How do I renew my passport?""]","[""Mismatch between address proof and application"", ""Booking appointment before document readiness"", ""Wrong annexure selection""]","[""passport apply online"", ""passport seva kendra near me"", ""tatkaal passport fees"", ""passport renewal""]","[""What documents prove address for passport?"", ""How do I track my passport application status?""]"
SVC-VOTER,Voter ID / Electoral Roll Enrolment (Form 6),CAT-IDENTITY,Voter Registration,DEP-ECI,MIN-ECI,Central,,Registration of names in the electoral roll and issuance of Electors Photo Identity Card (EPIC / Voter ID) by the Election Commission of India.,"Indian citizen, 18+ years on qualifying date, ordinary resident of the constituency.",Right to vote in elections; EPIC serves as identity and address proof.,Online (NVSP / Voter Helpline app) and offline (BLO/ERO),Typically 2-4 weeks after verification; before each summary revision.,Free.,"Until deletion on account of death, shift, or disqualification.",https://voterportal.eci.gov.in,https://nvsp.in,https://voterportal.eci.gov.in/forms,1950,eci@eci.gov.in,District Electoral Officer / ERO offices; locate via NVSP.,"Hindi, English and regional languages",2024-01-01,official_portal,https://voterportal.eci.gov.in,"ECI issues Voter ID (EPIC) to citizens 18+ via Form 6; free, online through NVSP.",Any Indian citizen aged 18 can enrol in the electoral roll using Form 6 on NVSP. After BLO verification the name is added and an e-EPIC can be downloaded. The Voter ID also works as ID/address proof.,"[""How do I apply for a Voter ID?"", ""How do I correct my name in the voter list?"", ""What is Form 6?"", ""How do I download e-EPIC?""]","[""Applying in two constituencies"", ""Wrong date of birth proof"", ""Not updating address after moving""]","[""voter id apply online"", ""form 6 download"", ""e epic download"", ""voter list check""]","[""How do I correct my address in the voter roll?"", ""What is the difference between EPIC and e-EPIC?""]"
SVC-PMKISAN,PM-KISAN Samman Nidhi,CAT-AGR,Farmer Income Support,DEP-DARE,MIN-AGR,Central,,"Direct income support of Rs. 6,000/year to eligible farmer families, paid in three equal instalments of Rs. 2,000 directly into bank accounts.","Small and marginal farmer families (cultivable landholding) as per land records; excludes institutional landholders, higher-income categories.","Rs. 6,000 per year direct transfer; supports farm input costs.","Online (pmkisan.gov.in), CSC, or nearest agriculture office",Instalments released periodically; first credit after verification (weeks).,Free.,Continuous while eligibility and land records valid; e-KYC required periodically.,https://pmkisan.gov.in,https://pmkisan.gov.in/BeneficiaryStatus.aspx,https://pmkisan.gov.in/Documents/PMKISAN.pdf,155261 / 1800115526,pmkisan-ict@gov.in,State/District Agriculture Offices; CSC centres.,"Hindi, English, regional",2024-01-01,official_portal,https://pmkisan.gov.in,"PM-KISAN gives eligible farmer families Rs. 6,000/year in 3 DBT instalments; free, Aadhaar-linked.","The scheme transfers Rs. 2,000 every four months to farmer families owning cultivable land, subject to exclusion criteria. Registration needs Aadhaar, a DBT bank account, and land records. Periodic e-KYC is mandatory to keep receiving benefits.","[""How do I register for PM-KISAN?"", ""Why is my PM-KISAN payment pending?"", ""How do I do PM-KISAN e-KYC?"", ""Am I eligible for PM-KISAN?""]","[""Aadhaar not linked to bank account"", ""Land record mismatch"", ""Missing periodic e-KYC""]","[""pm kisan status"", ""pm kisan registration"", ""pm kisan ekyc"", ""pm kisan 14th installment""]","[""How do I link Aadhaar to my bank for PM-KISAN?"", ""What are the PM-KISAN exclusion criteria?""]"
SVC-ENAM,eNAM (National Agriculture Market),CAT-AGR,Agriculture Marketing,DEP-DARE,MIN-AGR,Central,,Online trading platform integrating APMC mandis to create a unified national market for agricultural commodities.,"Farmers, traders, and FPOs registered with linked APMC mandis.","Better price discovery, transparent bidding, wider buyer reach, reduced intermediaries.",Online (enam.gov.in) and via mandi terminals,Trade settlement as per mandi rules (typically within mandated days).,Transaction charges as per APMC bye-laws; platform access free for farmers.,Account active while KYC valid.,https://enam.gov.in,https://enam.gov.in/web/guest/registration,https://enam.gov.in,1800-270-0222,enam@agtech.gov.in,Linked APMC mandis across participating states.,"Hindi, English",2024-01-01,official_portal,https://enam.gov.in,eNAM is a unified online agriculture trading platform linking APMC mandis for transparent price discovery.,"eNAM lets farmers and traders transact across mandis through e-auction, improving price discovery and reducing middlemen. Farmers register free and link their mandi and bank account; traders need a licence.","[""What is eNAM?"", ""How do I sell on eNAM?"", ""Which mandis are on eNAM?""]","[""Assuming all mandis are integrated"", ""Not grading produce before listing""]","[""enam registration"", ""enam mandi list"", ""sell crops online""]","[""How do I grade my produce for eNAM?"", ""What are eNAM transaction charges?""]"
SVC-PMJAY,Ayushman Bharat PM-JAY,CAT-HEALTH,Health Insurance,DEP-NHA,MIN-HEA,Central,,World's largest health assurance scheme providing Rs. 5 lakh per family per year for secondary and tertiary care hospitalization to eligible poor and vulnerable families.,Based on SECC deprivation criteria and socio-economic parameters; beneficiaries identified via NHA database. States may expand.,Cashless treatment at empanelled public/private hospitals; no cap on family size/age.,Through Ayushman Bharat Kendras / CSC / hospital helpdesk,Card creation same day; treatment cashless at empanelled hospitals.,Free for eligible beneficiaries (no premium).,Annual cover resets each financial year; card valid while eligible.,https://pmjay.gov.in,https://pmjay.gov.in/beneficiary-portal/,https://pmjay.gov.in,14555 / 1800-11-15555,pmjay@nha.gov.in,Ayushman Bharat Digital Kendras; empanelled hospital list on portal.,"Hindi, English, regional",2024-01-01,official_portal,https://pmjay.gov.in,"PM-JAY gives eligible families Rs. 5 lakh/year cashless hospitalization; free, SECC-based eligibility.",PM-JAY covers secondary/tertiary hospitalization costs up to Rs. 5 lakh per family per year for poor and vulnerable households identified via SECC. Beneficiaries get an Ayushman card and receive cashless treatment at empanelled hospitals with no out-of-pocket premium.,"[""Am I eligible for Ayushman Bharat?"", ""How do I make an Ayushman card?"", ""Which hospitals accept PM-JAY?"", ""What is covered under PM-JAY?""]","[""Assuming all citizens are covered"", ""Not carrying ID at hospital"", ""Confusing ABHA with Ayushman card""]","[""pmjay eligibility check"", ""ayushman card download"", ""pmjay hospital list"", ""ayushman bharat benefits""]","[""How do I link ABHA with my Ayushman card?"", ""What is not covered under PM-JAY?""]"
SVC-ABDM,Ayushman Bharat Digital Mission (ABHA),CAT-HEALTH,Digital Health,DEP-MoHFW,MIN-HEA,Central,,"Creates a digital health ecosystem: ABHA ID, Health ID, Personal Health Records (PHR), and interoperable health information exchange.",Any Indian resident (voluntary opt-in).,Single health ID to link records across providers; consent-based sharing; easier continuity of care.,Online (abdm.gov.in / ABHA app) and via health facilities,Instant ABHA creation.,Free.,Until cancelled by user; voluntary.,https://abdm.gov.in,https://abha.abdm.gov.in,https://abdm.gov.in,1800-11-4477 / 1800-11-6644,support@abdm.gov.in,ABDM-enabled health facilities and CSCs.,"Hindi, English, regional",2024-01-01,official_portal,https://abdm.gov.in,ABDM provides a voluntary ABHA health ID to link and consent-share medical records across providers.,"ABDM builds a digital health infrastructure where residents create an ABHA ID to consolidate health records and share them with providers on a consent basis. It is free and voluntary, improving continuity of care.","[""What is ABHA ID?"", ""How do I create a Health ID?"", ""Is ABHA mandatory?"", ""How is my data protected?""]","[""Confusing ABHA with Ayushman card"", ""Assuming it is mandatory""]","[""abha id create"", ""abdm health record"", ""health id india""]","[""How do I link my hospital records to ABHA?"", ""How do I revoke data consent?""]"
SVC-ESHRAM,e-Shram (National Database of Unorganised Workers),CAT-LABOUR,Worker Registration,DEP-LAB,MIN-LAB,Central,,National database and registration of unorganised sector workers to extend social security benefits.,"Unorganised workers aged 16-59, not members of EPFO/ESIC, with Aadhaar.",e-Shram card; eligibility for future social security/welfare schemes; portability.,Online (eshram.gov.in) and CSC,Instant card generation after Aadhaar OTP verification.,Free.,Card valid; update on change of details.,https://eshram.gov.in,https://eshram.gov.in,https://eshram.gov.in,14434,eshram@gov.in,CSC centres; State Labour Departments.,"Hindi, English, regional",2024-01-01,official_portal,https://eshram.gov.in,"e-Shram registers unorganised workers (16-59, not EPFO/ESIC) for social security; free Aadhaar-based.",e-Shram builds a national registry of informal workers using Aadhaar and bank details. Registered workers get a UAN-based e-Shram card and become eligible for various welfare schemes. It is free and complements EPFO/ESIC coverage.,"[""Who can register on e-Shram?"", ""How do I download my e-Shram card?"", ""Is e-Shram for EPFO members?""]","[""EPFO/ESIC members wrongly registering"", ""Bank not linked to Aadhaar""]","[""eshram registration"", ""eshram card download"", ""unorganised worker scheme""]","[""Which schemes use e-Shram data?"", ""How do I update my e-Shram record?""]"
SVC-EPFO,EPF / UAN Services (Employees' Provident Fund),CAT-LABOUR,Retirement Savings,DEP-EPFO,MIN-LAB,Central,,"Mandatory provident fund, pension (EPS), and insurance (EDLI) for organised-sector employees; managed via UAN.",Employees with basic wage up to statutory limit in establishments covered under EPF Act.,"Retirement corpus with interest, pension, withdrawal/advance facilities, transfer on job change.",Online (unifiedportal-mem.epfindia.gov.in) and employer,Claims typically 7-20 days after verification.,No fee; statutory contributions by employer/employee.,Account active until final settlement/transfer.,https://www.epfindia.gov.in,https://unifiedportal-mem.epfindia.gov.in/memberinterface/,https://www.epfindia.gov.in/site_en/Forms.php,1800-118-005 / 14434,epfindia@gov.in,Regional EPFO offices; locate via portal.,"Hindi, English",2024-01-01,official_portal,https://www.epfindia.gov.in,EPFO manages EPF/EPS/EDLI for organised employees via UAN; online claims and transfers.,"Employees contribute to EPF with employer matching; the UAN ties multiple member IDs across jobs. Members can seed KYC and file online claims for withdrawal, transfer, or advances. Balance and status are checkable via UMANG or the member portal.","[""How do I check PF balance?"", ""How do I transfer PF on job change?"", ""How do I withdraw PF?"", ""What is UAN?""]","[""Not seeding Aadhaar/PAN causing claim rejection"", ""Multiple UANs across jobs""]","[""epf balance check"", ""uan login"", ""pf withdrawal online"", ""epf claim status""]","[""How do I merge multiple UANs?"", ""What is the EPF interest rate?""]"
SVC-ESIC,ESIC (Employees' State Insurance),CAT-LABOUR,Social Insurance,DEP-ESIC,MIN-LAB,Central,,"Social security and health insurance scheme for workers in covered establishments (medical, sickness, maternity, disability benefits).","Employees with wage up to Rs. 21,000/month (Rs. 25,000 for persons with disability) in ESIC-covered factories/establishments.","Cashless medical care for worker and family, sickness/maternity benefits, disability and dependent benefits.",Employer enrols; employee uses ESIC portal / dispensaries,Enrolment by employer; benefits as per claim processing.,Contribution by employer (3.25%) and employee (0.75%) on wages.,Coverage while in covered employment; continue via scheme provisions.,https://www.esic.gov.in,https://www.esic.gov.in/insured-person,https://www.esic.gov.in/downloads/forms,1800-11-2526,webmaster@esic.gov.in,"ESIC dispensaries, hospitals, and regional offices.","Hindi, English, regional",2024-01-01,official_portal,https://www.esic.gov.in,"ESIC provides medical and cash benefits to covered workers (wage <= Rs. 21,000) via employer enrolment.","ESIC is a contributory social insurance scheme where employer and employee contribute a percentage of wages. Covered workers and their families get cashless medical care plus sickness, maternity, and disability benefits. Enrolment is done by the employer.","[""What is the ESIC wage limit?"", ""How do I get a Pehchan card?"", ""What does ESIC cover?"", ""How do I claim ESIC sickness benefit?""]","[""Confusing ESIC with EPF"", ""Not updating family details for medical cover""]","[""esic benefits"", ""pehchan card download"", ""esic wage limit"", ""esic claim""]","[""How do I find my nearest ESIC dispensary?"", ""Can I avail ESIC after leaving the job?""]"
SVC-NCS,National Career Service (NCS),CAT-LABOUR,Employment Exchange,DEP-LAB,MIN-LAB,Central,,"Online platform for job seekers and employers with job matching, career counselling, and training listings.",Any job seeker (citizen) or employer in India.,"Free job search, resume builder, career counselling, vacancy posting.",Online (ncs.gov.in) and career centres,Instant registration; application response per employer.,Free.,Profile active; keep updated.,https://ncs.gov.in,https://www.ncs.gov.in,https://ncs.gov.in,1800-425-1514,contactncs@gov.in,Model Career Centres and local employment exchanges.,"Hindi, English",2024-01-01,official_portal,https://ncs.gov.in,NCS is a free national job portal connecting job seekers with employers and counselling.,"NCS offers a unified platform where job seekers register, build resumes, and apply to vacancies, while employers post jobs. It also provides career counselling and training information through Model Career Centres.","[""How do I register on NCS?"", ""How do I find jobs on NCS?"", ""Is NCS free?""]","[""Treating it as the only job source"", ""Incomplete profile lowering matches""]","[""ncs registration"", ""government jobs ncs"", ""free job portal india""]","[""How do I post a job as an employer on NCS?"", ""What career counselling does NCS offer?""]"
SVC-UDYAM,Udyam Registration (MSME),CAT-BUSINESS,MSME Registration,DEP-MSME,MIN-MSME,Central,,"Online registration of Micro, Small and Medium Enterprises to obtain a Udyam certificate and access schemes/incentives.",Enterprises meeting MSME investment/turnover thresholds (manufacturing/services).,"Priority credit, subsidies, tender preferences, easier compliance, scheme eligibility.",Online (udyamregistration.gov.in),Instant certificate on submission.,Free (no government fee).,Valid until cancelled/updated; revalidate as per rules.,https://udyamregistration.gov.in,https://udyamregistration.gov.in/Government-India/Ministry-of-MSME-registration.htm,https://udyamregistration.gov.in,1800-180-6763,udyam@dcmsme.gov.in,MSME-DI offices; district centres.,"Hindi, English",2024-01-01,official_portal,https://udyamregistration.gov.in,Udyam is the free online MSME registration giving enterprises a certificate and scheme benefits.,"Udyam Registration replaces Udyog Aadhaar. Enterprises self-declare with Aadhaar, PAN, GSTIN, and investment/turnover data to get a Udyam certificate, unlocking credit, subsidies, and tender benefits. It is free and instantaneous.","[""How do I register my MSME on Udyam?"", ""Is Udyam free?"", ""What documents are needed for Udyam?"", ""What are MSME limits?""]","[""Wrong Aadhaar owner linkage"", ""Not updating turnover causing classification error"", ""Paying agents for free registration""]","[""udyam registration online"", ""msme certificate download"", ""udyam aadhaar""]","[""What schemes are available for Udyam enterprises?"", ""How do I update my Udyam certificate?""]"
SVC-STARTUP,Startup India Recognition,CAT-BUSINESS,Startup Recognition,DEP-DPIIT,MIN-DPIIT,Central,,"DPIIT recognition of startups to avail tax benefits, easier compliance, IPR fast-track, and funding access.","Entity incorporated as Pvt Ltd/LLP/Partnership, <=10 years old, turnover <= Rs. 100 crore, working toward innovation.","Tax exemption (80-IAC/Section 56), faster patents, self-certification, government tenders, Fund of Funds.",Online (startupindia.gov.in),Recognition typically within days of submission.,Free for recognition.,Recognition valid while entity meets criteria; deregister if not.,https://www.startupindia.gov.in,https://www.startupindia.gov.in/content/sih/en/startupgov/startup-recognition.html,https://www.startupindia.gov.in,1800-115-565,support@startupindia.gov.in,Startup India hubs; state nodal agencies.,"Hindi, English",2024-01-01,official_portal,https://www.startupindia.gov.in,"Startup India gives DPIIT recognition for tax, IP, and tender benefits to eligible young innovative entities.","Eligible Indian startups (<=10 years, turnover <= Rs. 100 crore) self-apply for DPIIT recognition, unlocking income-tax exemptions, faster IP protection, self-certification on labour laws, and easier public procurement. Recognition is free.","[""Am I eligible for Startup India?"", ""How do I get DPIIT recognition?"", ""What tax benefits do startups get?"", ""How do I apply for Startup India?""]","[""Applying before incorporation"", ""Not meeting innovation criterion"", ""Missing annual compliance""]","[""startup india registration"", ""dpiit recognition"", ""startup tax exemption""]","[""How do I claim 80-IAC tax exemption?"", ""What is the Fund of Funds for startups?""]"
SVC-GEM,GeM (Government e-Marketplace),CAT-BUSINESS,Public Procurement,DEP-GEM,MIN-GOI,Central,,Online platform for procurement of goods and services by government buyers and selling by sellers/MSMEs.,"Sellers (including MSMEs) and government buyers; sellers need business registration, bank, tax details.","Transparent public procurement, direct market access, MSE preference, timely payment.",Online (gem.gov.in),Registration quick; transaction per bid cycle.,No fee for buyers; sellers pay one-time caution money + per-transaction charges per GeM policy.,Account active while KYC valid.,https://gem.gov.in,https://gem.gov.in/registration,https://gem.gov.in,1800-419-3436 / 1800-102-3436,helpdesk-gem@gem.gov.in,GeM regional outreach; buyer organisations.,"Hindi, English",2024-01-01,official_portal,https://gem.gov.in,GeM is the national public procurement portal connecting government buyers with sellers/MSMEs.,"GeM is an open e-marketplace where government departments buy goods/services and businesses (including MSMEs) sell. It brings transparency, MSE preferences, and faster payments. Sellers register with business and tax details and list catalogues.","[""How do I sell on GeM?"", ""Who can buy on GeM?"", ""What are GeM seller charges?"", ""How do I register on GeM?""]","[""Incomplete KYC delaying approval"", ""Mis-pricing catalogues"", ""Ignoring MSE preference rules""]","[""gem seller registration"", ""gem.gov.in login"", ""government tender gem""]","[""What documents are needed to sell on GeM?"", ""How are GeM payments made?""]"
SVC-ITR,Income Tax e-Filing & Return (ITR),CAT-FINANCE,Direct Tax,DEP-CBDT,MIN-CBDT,Central,,"Online filing of Income Tax Returns, PAN services, and tax payments by the Income Tax Department.","Individuals/entities with taxable income or mandated filing (e.g., refund, foreign asset, high turnover).","Legal compliance, refund claims, proof of income, easier loans/visa.",Online (incometax.gov.in),Filing instant; refund within months of processing.,No government filing fee; late fees under Section 234F if delayed.,Annual return for each financial year.,https://www.incometax.gov.in,https://www.incometax.gov.in/iec/foportal/,https://www.incometax.gov.in/iec/foportal/help/itr-forms,1800-103-0023 / 1961,efilingwebmanager@incometax.gov.in,Local Income Tax offices / Aaykar Sampark Kendras.,"Hindi, English",2024-01-01,official_portal,https://www.incometax.gov.in,"Income Tax e-Filing lets taxpayers file ITRs, pay tax, and claim refunds online; Aadhaar-PAN linked.","Taxpayers file annual returns on the e-Filing portal using the appropriate ITR form, pre-filling data where available. After paying any due tax they verify the return via Aadhaar OTP or EVC. PAN must be linked to Aadhaar. Late filing attracts Section 234F fees.","[""Which ITR form should I file?"", ""How do I file ITR online?"", ""How do I check refund status?"", ""Is PAN-Aadhaar linking mandatory?""]","[""Wrong ITR form"", ""Not verifying return after submit"", ""Missing Aadhaar-PAN link"", ""Forgetting to report all income""]","[""itr filing online"", ""income tax refund status"", ""itr forms download"", ""pan aadhaar link""]","[""What are the ITR deadlines?"", ""How do I respond to a tax notice?""]"
SVC-GST,GST Registration & Returns,CAT-FINANCE,Indirect Tax,DEP-GST,MIN-CBIC,Central,,"Goods and Services Tax registration, return filing, and compliance for businesses via the GST portal.","Businesses with aggregate turnover above threshold (Rs. 20 lakh/10 lakh/40 lakh by category) or mandated (inter-state, e-commerce, casual).","Legal tax identity, input tax credit, interstate trade, compliance certificates.",Online (gst.gov.in),Registration usually within 7-30 days; returns monthly/quarterly.,No government registration fee; late fees for delayed returns.,GSTIN valid until cancellation/suspension.,https://www.gst.gov.in,https://www.gst.gov.in/registration,https://www.gst.gov.in/help/returns,1800-103-4786 / 14444,webmaster@cgst.gov.in,GST Seva Kendras / state tax offices.,"Hindi, English",2024-01-01,official_portal,https://www.gst.gov.in,GST registration and return filing portal; mandatory above turnover thresholds; input tax credit enabled.,"Businesses above the turnover threshold register for GST to get a GSTIN, charge tax, and claim input tax credit. Returns (GSTR-1, GSTR-3B) are filed online. Registration is free but late returns incur fees. Aadhaar authentication is used.","[""Do I need GST registration?"", ""How do I register for GST?"", ""What is the GST threshold?"", ""How do I file GSTR-3B?""]","[""Wrong turnover threshold assumption"", ""Not filing NIL returns"", ""Mismatch in GSTR-1/3B"", ""Skipping Aadhaar auth""]","[""gst registration online"", ""gst threshold limit"", ""gstr 3b filing"", ""gst portal login""]","[""What is the difference between GSTR-1 and GSTR-3B?"", ""How do I cancel GST registration?""]"
SVC-DIGILOCKER,DigiLocker,CAT-DIGITAL,Digital Document Wallet,DEP-NEGD,MIN-MEITY,Central,,Digital locker to store and share verified electronic documents issued by government agencies; reduce physical paperwork.,Indian citizens with Aadhaar (used for sign-up).,"Instant access to issued documents (marksheets, licences), verified e-documents, paperless verification.",Online (digilocker.gov.in) and mobile app,Instant; document fetch depends on issuer.,Free.,Account active; documents as issued.,https://www.digilocker.gov.in,https://digilocker.gov.in/signin,https://www.digilocker.gov.in,1800-153-374 / support via portal,support.digilocker@digitalindia.gov.in,Digital India / CSC support.,"Hindi, English",2024-01-01,official_portal,https://www.digilocker.gov.in,DigiLocker is a free digital document wallet issuing and storing verified e-documents via Aadhaar login.,"DigiLocker lets citizens store and share government-issued digital documents (marksheets, driving licences, certificates) fetched directly from issuers, reducing physical paperwork. Sign-up uses Aadhaar OTP. e-Documents are legally recognised under the IT Act.","[""What is DigiLocker?"", ""How do I sign up for DigiLocker?"", ""Are DigiLocker documents valid?"", ""How do I share a DigiLocker document?""]","[""Assuming it stores only uploads (issuer fetch is key)"", ""Not linking Aadhaar"", ""Sharing full account instead of document URI""]","[""digilocker signup"", ""digilocker documents list"", ""digilocker app download""]","[""Which documents can I fetch in DigiLocker?"", ""How do I issue documents as a government agency?""]"
SVC-UMANG,UMANG (Unified Mobile App for New-age Governance),CAT-DIGITAL,Mobile Services Aggregator,DEP-NEGD,MIN-MEITY,Central,,"Single mobile app aggregating central, state, and utility services (EPFO, income tax, passport, bill pay, etc.).",Any citizen with a smartphone; services may need respective IDs.,One app for many government services; multilingual; Aadhaar/PAN-based auth.,Mobile app (UMANG) and web,Per service.,Free app; service charges as applicable.,Account active.,https://umang.gov.in,https://web.umang.gov.in,https://umang.gov.in,1800-111-550,helpdesk@umang.gov.in,NeGD support.,"Hindi, English and multiple Indian languages",2024-01-01,official_portal,https://umang.gov.in,UMANG is a single mobile/portal aggregator for hundreds of central and state government services.,"UMANG consolidates many government services into one app, letting citizens access EPFO, tax, passport, bill payments, and state services with a single login. It is multilingual and free, with per-service authentication.","[""What is UMANG app?"", ""Which services are on UMANG?"", ""How do I register on UMANG?"", ""Is UMANG free?""]","[""Expecting all services offline"", ""Not updating app for new services""]","[""umang app download"", ""umang services list"", ""umang epfo claim""]","[""How do I use UMANG for EPFO?"", ""Which Maharashtra services are on UMANG?""]"
SVC-PMAYU,Pradhan Mantri Awas Yojana (Urban),CAT-HOUSING,Housing for All,DEP-PMAY,MIN-HOU,Central,,Credit-linked subsidy and affordable housing support for urban poor/EWS/LIG/MIG to own a pucca house.,Urban households in EWS/LIG/MIG categories with no pucca house; income and property criteria apply.,Interest subsidy on home loan (CLSS) and support for house construction.,Online (pmaymis.gov.in) and via urban local bodies,Verification and sanction per state/ULB cycle.,Free to apply.,Benefit once per family.,https://pmaymis.gov.in,https://pmaymis.gov.in/,https://pmaymis.gov.in/,1800-11-6446 / 011-23063285,pmaymis-moihua@gov.in,Urban Local Bodies / State Nodal Agencies.,"Hindi, English, regional",2024-01-01,official_portal,https://pmaymis.gov.in,PMAY-U gives urban EWS/LIG/MIG households interest subsidy and support to build/buy a pucca house.,PMAY-U aims 'Housing for All' in urban areas via Credit Linked Subsidy (CLSS) and direct construction support. Eligible households without a pucca house apply online or via ULBs; subsidy is credited to the loan account.,"[""Am I eligible for PMAY?"", ""How do I apply for PMAY subsidy?"", ""What is CLSS?"", ""What are PMAY income limits?""]","[""Already owning a pucca house"", ""Mismatch in Aadhaar/bank"", ""Applying under wrong category""]","[""pmay apply online"", ""pmay subsidy status"", ""pmay eligibility"", ""clss home loan""]","[""What are the PMAY-U income limits?"", ""How is the CLSS subsidy calculated?""]"
SVC-NSP,National Scholarship Portal (NSP),CAT-EDUCATION,Scholarships,DEP-NSP,MIN-EDU,Central,,"Centralised portal for central/state/UT scholarship schemes with application, verification, and DBT.","Students meeting scheme-specific criteria (merit, income, category, institution).",Single-window scholarships; direct benefit transfer to bank account.,Online (scholarships.gov.in),Per scheme cycle (application->verification->sanction).,Free.,Per academic year; renew annually.,https://scholarships.gov.in,https://scholarships.gov.in/fresh/newstdRegFrm.action,https://scholarships.gov.in,0120-6619540,helpdesk@nsp.gov.in,Institution Nodal Officers; state scholarship departments.,"Hindi, English",2024-01-01,official_portal,https://scholarships.gov.in,NSP is a one-stop portal for government scholarships with online apply and DBT to students.,"The National Scholarship Portal unifies central, state, and UT scholarship schemes. Students register, find eligible schemes, apply with documents, and receive funds via DBT after institute and nodal verification. Renewal is annual.","[""How do I apply for scholarship on NSP?"", ""Which scholarships are on NSP?"", ""How do I check NSP status?"", ""What documents are needed for NSP?""]","[""Applying to conflicting schemes"", ""Wrong bank/Aadhaar seeding"", ""Missing renewal deadline""]","[""nsp scholarship apply"", ""nsp login"", ""scholarship status nsp"", ""national scholarship portal""]","[""What is the NSP application deadline?"", ""How do I renew my NSP scholarship?""]"
SVC-SWAYAM,SWAYAM (Free Online Courses),CAT-EDUCATION,Online Learning,DEP-NSP,MIN-EDU,Central,,National MOOC platform offering free online courses from school to postgraduate level with certificates.,Open to all learners; some courses have eligibility for credit/ exam.,"Free quality courses, certificates (with exam fee), academic credit transfer where recognised.",Online (swayam.gov.in),Self-paced; exam per schedule.,Course free; certificate exam fee applicable.,Course completions archived; certificates issued per cycle.,https://swayam.gov.in,https://swayam.gov.in,https://swayam.gov.in,1800-121-9020,support@swayam.gov.in,Partner institutions / NPTEL centres.,Multiple Indian languages,2024-01-01,official_portal,https://swayam.gov.in,"SWAYAM offers free government online courses from school to PG, with paid certificates.","SWAYAM is India's national MOOC platform providing free courses designed by top institutions. Learners enrol, complete lectures and assignments, and can earn a certificate by paying a proctored exam fee. Credits may transfer where recognised.","[""What is SWAYAM?"", ""Are SWAYAM courses free?"", ""How do I get a SWAYAM certificate?"", ""Are SWAYAM credits valid?""]","[""Assuming certificate is free"", ""Missing assignment deadlines""]","[""swayam courses"", ""swayam login"", ""free online course india""]","[""Which institutions accept SWAYAM credit?"", ""How do I take the SWAYAM exam?""]"
SVC-ABC,Academic Bank of Credits (ABC),CAT-EDUCATION,Credit Banking,DEP-NSP,MIN-EDU,Central,,"National digital storehouse of academic credits earned from HEIs, enabling transfer and accumulation.",Students of participating Higher Education Institutions.,"Store credits, transfer across institutions, flexible degree pathways.",Online (abc.gov.in),Credits deposited per academic cycle.,Free.,Credits valid per UGC framework duration.,https://abc.gov.in,https://abc.gov.in,https://abc.gov.in,1800-111-550 (via ABC/HEI),abc@ugc.gov.in,Participating HEIs.,"Hindi, English",2024-01-01,official_portal,https://abc.gov.in,ABC is a national digital credit bank letting HEI students store and transfer academic credits.,"The Academic Bank of Credits gives each student an ABC ID to accumulate credits earned from participating universities, which can later be transferred toward a degree under the National Credit Framework. It promotes flexible, multiple-entry learning.","[""What is ABC ID?"", ""How do I create an Academic Bank of Credits account?"", ""Can I transfer credits between universities?"", ""Which universities use ABC?""]","[""Assuming all HEIs participate"", ""Not linking Aadhaar""]","[""abc id create"", ""academic bank of credits login"", ""credit transfer india""]","[""How do I link my ABC ID with my university?"", ""What is the National Credit Framework?""]"
SVC-PARIVAHAN,Parivahan (Vahan & Sarathi),CAT-TRANSPORT,Vehicle & Driving Licence,DEP-RTW,MIN-RTW,Central,,National transport portal for vehicle registration (Vahan) and driving licence/learner licence (Sarathi) services.,Vehicle owners and driving licence applicants as per Motor Vehicles Act.,"Online RC, DL, permits, tax, slots; reduces RTO visits.",Online (parivahan.gov.in) + RTO appointment,RC/DL issued after RTO test/verification (days to weeks).,As per state MV fee schedule; varies by service.,RC 15 years (renewable); DL 20 years or till age 50/55/60 per class.,https://parivahan.gov.in,https://parivahan.gov.in/parivahan//services,https://parivahan.gov.in,0120-4925505,helpdesk@parivahan.gov.in,State RTOs / Transport Departments.,"Hindi, English, state languages",2024-01-01,official_portal,https://parivahan.gov.in,Parivahan's Vahan/Sarathi offers online vehicle registration and driving licence services with RTO appointments.,"Parivahan is the national transport portal where citizens apply for vehicle registration, driving/learner licences, permits, and tax online, then visit the RTO for tests/verification. Issued documents sync to DigiLocker. Fees follow the state MV schedule.","[""How do I apply for a driving licence online?"", ""How do I check my RC status?"", ""How do I renew my DL?"", ""What are RTO fees?""]","[""Skipping learner licence step"", ""Document mismatch at RTO"", ""Not booking slot in advance""]","[""driving licence apply online"", ""vahan rc status"", ""parivahan sarathi"", ""rto appointment""]","[""How do I link my DL to DigiLocker?"", ""What documents are needed for RC transfer?""]"
SVC-MAH-AAPLE,Aaple Sarkar / MahaOnline Citizen Services,CAT-STATE,State Citizen Services (Maharashtra),DEP-MAH-ONLINE,MIN-MAH,State,MH,"Maharashtra's integrated online portal (Aaple Sarkar / MahaOnline) for certificates, schemes, and citizen services.",Residents of Maharashtra; service-specific criteria.,"Single window for caste/income/residence certificates, scheme applications, grievance redressal.",Online (aaplesarkar.mahaonline.gov.in) and CSC / SETU centres,Per service SLA (certificates usually 7-30 days).,As per state fee schedule per service.,Per certificate/service.,https://aaplesarkar.mahaonline.gov.in,https://aaplesarkar.mahaonline.gov.in/en,https://aaplesarkar.mahaonline.gov.in,1800-120-8040 (MahaOnline),support@mahaonline.gov.in,SETU / CSC centres across Maharashtra districts.,"Marathi, English",2024-01-01,official_portal,https://aaplesarkar.mahaonline.gov.in,Aaple Sarkar (MahaOnline) is Maharashtra's single-window portal for certificates and schemes.,"Maharashtra's Aaple Sarkar / MahaOnline portal lets residents apply for caste, income, residence, and other certificates plus state schemes from one place, with online tracking and SETU centre support. It is the gateway to most Maharashtra e-services.","[""How do I apply for a caste certificate in Maharashtra?"", ""What is Aaple Sarkar?"", ""How do I track my certificate application?"", ""Where are SETU centres?""]","[""Wrong district selection"", ""Incomplete address proof"", ""Not tracking SLA status""]","[""aaple sarkar login"", ""maharashtra income certificate"", ""mahaonline caste certificate"", ""setu centre near me""]","[""How do I get a Maharashtra domicile certificate?"", ""What is the caste certificate processing time in Maharashtra?""]"
SVC-MAH-REV,Mahabhulekh (7/12 & 8A Land Records),CAT-STATE,Land Records (Maharashtra),DEP-MAH-REV,MIN-MAH,State,MH,Maharashtra land record portal to view and download 7/12 (Satbara) and 8A extracts online.,Landowners / general public for non-certified view; certified copies per process.,"Instant access to land ownership, tenure, and mutation status; supports loans and transactions.",Online (mahabhulekh.maharashtra.gov.in),Instant view; certified copy per taluka office process.,Free view; nominal fee for certified copies.,Reflects current records; mutations update over time.,https://mahabhulekh.maharashtra.gov.in,https://mahabhulekh.maharashtra.gov.in,https://mahabhulekh.maharashtra.gov.in,022-25250900 (Bhulekh support),mah bhulekh support via portal,Taluka Revenue offices; CSCs.,"Marathi, English",2024-01-01,official_portal,https://mahabhulekh.maharashtra.gov.in,"Mahabhulekh provides online Maharashtra land records (7/12, 8A) for ownership and mutation status.","Mahabhulekh is Maharashtra's revenue land record system. Citizens search by district, village, and survey number to view/download the 7/12 (Satbara) extract showing ownership, crop, and tenure, and the 8A for khata details. Certified copies come from the taluka office.","[""How do I get 7/12 online in Maharashtra?"", ""What is Satbara?"", ""How do I check land mutation status?"", ""Where do I get a certified 7/12?""]","[""Wrong survey number entry"", ""Relying on uncertified copy for legal use""]","[""7/12 satbara download"", ""mahabhulekh login"", ""land record maharashtra"", ""8a extract""]","[""How do I apply for mutation in Maharashtra?"", ""How do I get a certified 7/12 copy?""]"
SVC-MAH-FOOD,Maharashtra Ration Card / Food Supply (MahaFood),CAT-STATE,Food & Public Distribution (Maharashtra),DEP-MAH-FOOD,MIN-MAH,State,MH,Maharashtra ration card issuance and PDS entitlements under NFSA/state schemes.,Maharashtra households meeting NFSA/state poverty criteria.,Subsidised foodgrains via PDS; priority/APL/BPL categories.,Online (maha food portal) and rationing offices / CSC,Per district verification (weeks).,As per state schedule (nominal).,Until cancellation/update.,https://mahafood.gov.in,https://mahafood.gov.in,https://mahafood.gov.in,"1800-222-362 (Toll-free, MahaFood)",fcscrti-maha@gov.in,District Supply Offices; Fair Price Shops.,"Marathi, English",2024-01-01,official_portal,https://mahafood.gov.in,Maharashtra ration cards (MahaFood) provide subsidised PDS foodgrains under NFSA/state schemes.,"The Maharashtra Food, Civil Supplies department issues ration cards classifying households (Priority/APL/BPL) for subsidised foodgrains through Fair Price Shops under NFSA and state schemes. Aadhaar-seeded cards enable DBT/portability.","[""How do I apply for a ration card in Maharashtra?"", ""What are NFSA ration card types?"", ""How do I add a member to my ration card?"", ""Where is my nearest ration shop?""]","[""Not seeding Aadhaar"", ""Wrong category selection"", ""Duplicate cards""]","[""maharashtra ration card apply"", ""mahafood login"", ""pds shop near me"", ""nfsa maharashtra""]","[""How do I transfer my ration card to another district?"", ""What is One Nation One Ration Card in Maharashtra?""]"
SVC-MAH-DBT,MahaDBT (Maharashtra Scholarship & DBT),CAT-STATE,Scholarships & DBT (Maharashtra),DEP-MAH-DBT,MIN-MAH,State,MH,Maharashtra's integrated DBT portal for state scholarships and benefits to eligible students/citizens.,Maharashtra residents meeting scheme criteria (caste/income/merit).,Direct benefit transfer of scholarships and schemes to bank account; single window.,Online (mahadbt.maharashtra.gov.in),Per scheme cycle.,Free.,Per academic year; renew.,https://mahadbt.maharashtra.gov.in,https://mahadbt.maharashtra.gov.in,https://mahadbt.maharashtra.gov.in,022-49170000 (MahaDBT),mahadbt-support@gov.in,District Social Welfare / Tribal offices.,"Marathi, English",2024-01-01,official_portal,https://mahadbt.maharashtra.gov.in,MahaDBT is Maharashtra's portal for state scholarships and DBT benefits to students and citizens.,"MahaDBT consolidates Maharashtra government scholarships (post-matric for SC/ST/OBC/Minority/EBC etc.) and other DBT schemes. Students register, upload certificates, and receive funds directly to their bank after verification.","[""How do I apply for Maharashtra scholarship?"", ""What is MahaDBT?"", ""How do I check MahaDBT status?"", ""Which scholarships are on MahaDBT?""]","[""Expired caste/income certificate"", ""Bank not Aadhaar-seeded"", ""Missing renewal""]","[""mahadbt scholarship"", ""maharashtra post matric scholarship"", ""mahadbt login"", ""dbt status""]","[""What is the MahaDBT application deadline?"", ""How do I renew my Maharashtra scholarship?""]"
SVC-MAH-RTO,Maharashtra Transport (RTO) Services,CAT-STATE,Transport (Maharashtra),DEP-RTW,MIN-MAH,State,MH,"Maharashtra State Transport Department services for DL, RC, permits via state RTOs (integrated with Parivahan).",Maharashtra residents / vehicle owners / licence applicants.,"State-specific DL/RC, permits, tax, and faceless services.",Online (transport.maharashtra.gov.in / Parivahan) + RTO,Per RTO SLA.,As per Maharashtra MV fee schedule.,Per licence/RC rules.,https://transport.maharashtra.gov.in,https://transport.maharashtra.gov.in,https://transport.maharashtra.gov.in,1800-120-8040 (state helpdesk),rft-maha@gov.in,Maharashtra RTOs across districts.,"Marathi, English",2024-01-01,official_portal,https://transport.maharashtra.gov.in,Maharashtra Transport Department provides DL/RC/permit services via state RTOs integrated with Parivahan.,"Maharashtra's Transport Department runs RTO services for driving licences, vehicle registration, permits, and taxes, largely through the national Parivahan/Sarathi platform with state-specific fee schedules and faceless services where available.","[""How do I apply for DL in Maharashtra?"", ""What are Maharashtra RTO fees?"", ""How do I renew my DL in Mumbai/Pune?"", ""Where is my RTO?""]","[""Ignoring state fee differences"", ""Skipping learner licence""]","[""maharashtra rto online"", ""driving licence maharashtra apply"", ""rc transfer maharashtra""]","[""What are Maharashtra green tax rules?"", ""How do I book an RTO slot in Maharashtra?""]"
